<?xml version="1.0" encoding="UTF-8"?>
<project-private xmlns="http://www.netbeans.org/ns/project-private/1">
    <editor-bookmarks xmlns="http://www.netbeans.org/ns/editor-bookmarks/2" lastBookmarkId="0"/>
    <open-files xmlns="http://www.netbeans.org/ns/projectui-open-files/2">
        <group>
            <file>file:/home/centro-8-aula-1/NetBeansProjects/Clase22EjercicioEntrevista/src/entities/Articulo.java</file>
            <file>file:/home/centro-8-aula-1/NetBeansProjects/Clase22EjercicioEntrevista/src/repositories/ArticuloRepository.java</file>
            <file>file:/home/centro-8-aula-1/NetBeansProjects/Clase22EjercicioEntrevista/src/clase22ejercicioentrevista/Clase22EjercicioEntrevista.java</file>
            <file>file:/home/centro-8-aula-1/NetBeansProjects/Clase22EjercicioEntrevista/src/clase22ejercicioentrevista/Ejercicio%20Entrevista%20Laboral</file>
        </group>
    </open-files>
</project-private>
